Code	NameID	Modification
3Me-Glu	Glu	MT
3OH-Leu	Leu	OH
3OH-Pro	Pro	OH
4Me-Pro	Pro	MT
4OH-Pro	Pro	OH
Abu	Abu	-
Ala	Ala	-
Arg	Arg	-
Asn	Asn	-
Asp	Asp	-
Cys	Cys	-
Dab	Dab	-
Dhpg	Dhpg	-
End	End	-
Fo-OH-Orn	Orn	F+OH
Gln	Gln	-
Glu	Glu	-
Gly	Gly	-
His	His	-
Hpg	Hpg	-
Hpr	Pip	-
Ile/aIle	Ile	-
Kyn	Kyn	-
Leu	Leu	-
Lys	Lys	-
NFo-Ile	Ile	F
NFo-OH-Orn	Orn	F+OH
NFo-Val	Val	F
NMe-Bmt	Bmt	MT
NMe-Gly	Gly	MT
NMe-Hpg	Hpg	MT
NMe-Leu	Leu	MT
NMe-Phe	Phe	MT
NMe-Ser	Ser	MT
NMe-Thr	Thr	MT
NMe-Val	Val	MT
NMe-aIle/NMe-Ile	Ile	MT
OH-Asn	Asn	OH
OH-Asp	Asp	OH
OH-Orn	Orn	OH
OH-cOrn	Orn	OH
Orn	Orn	-
Phe	Phe	-
Pro	Pro	-
Ser	Ser	-
Trp	Trp	-
Tyr	Tyr	-
Val	Val	-
aThr/Thr	Thr	-
bAla	Ala	-
bMe-Asp	Asp	MT
bMe-Phe	Phe	MT
bOH-NMe-Val	Val	OH+MT
bPhe	Phe	-
dh-Trp	Trp	Dh
dhAbu	Abu	Dh
dhCys	Cys	Dh
3Me-Pro	Pro	MT
Ac-Aib	Aib	Ac
Ac-OH-Orn	Orn	Ac+OH
Cl-Hpg	Hpg	Hal
Hse	Hse	-
Met	Met	-
NAc-Ala	Ala	Ac
NAc-CysA	CysA	Ac
NAc-Thr	Thr	Ac
NFo-Leu	Leu	F
NFo-Met	Met	F
NFo-Ser	Ser	F
NMe-Ala	Ala	MT
NMe-Asn	Asn	MT
NMe-Lys	Lys	MT
NMe-Me2A-Phe	Phe	MT+MT+MT
NMe-OMe-Tyr	Tyr	MT+MT
NMe-Ph-Gly	Gly	MT
NMe-Tyr	Tyr	MT+MT
NdMe-Ala	Ala	MT+MT
O-Met	Met	Ox
OH-His	His	OH
OMe-Thr	Thr	MT
Valol	vol	-
aFo-Gly	Gly	F
bOH-Gln	Gln	OH
bOH-Tyr	Tyr	OH
bOH-Val	Val	OH
bOMe-Asp	Asp	MT
dh-Ala	Ala	Dh
